<?xml version="1.0" encoding="UTF-8"?>
<project-private xmlns="http://www.netbeans.org/ns/project-private/1">
    <editor-bookmarks xmlns="http://www.netbeans.org/ns/editor-bookmarks/2" lastBookmarkId="0"/>
    <open-files xmlns="http://www.netbeans.org/ns/projectui-open-files/2">
        <group>
            <file>file:/home/matti/Harkkatyöt/Tiralabra/2015-periodi-3/TheChase/src/thechase/logiikka/algoritmit/AStar.java</file>
            <file>file:/home/matti/Harkkatyöt/Tiralabra/2015-periodi-3/TheChase/src/thechase/logiikka/algoritmit/GreedyBestFind.java</file>
            <file>file:/home/matti/Harkkatyöt/Tiralabra/2015-periodi-3/TheChase/src/thechase/Main.java</file>
            <file>file:/home/matti/Harkkatyöt/Tiralabra/2015-periodi-3/TheChase/test/thechase/logiikka/algoritmit/GreedyBestFindTest.java</file>
            <file>file:/home/matti/Harkkatyöt/Tiralabra/2015-periodi-3/TheChase/src/thechase/logiikka/algoritmit/Solmu.java</file>
            <file>file:/home/matti/Harkkatyöt/Tiralabra/2015-periodi-3/TheChase/src/thechase/logiikka/algoritmit/Algoritmi.java</file>
            <file>file:/home/matti/Harkkatyöt/Tiralabra/2015-periodi-3/TheChase/src/thechase/logiikka/algoritmit/Zombi.java</file>
            <file>file:/home/matti/Harkkatyöt/Tiralabra/2015-periodi-3/TheChase/src/thechase/logiikka/asiat/Hahmo.java</file>
            <file>file:/home/matti/Harkkatyöt/Tiralabra/2015-periodi-3/TheChase/test/thechase/logiikka/algoritmit/SolmuTest.java</file>
            <file>file:/home/matti/Harkkatyöt/Tiralabra/2015-periodi-3/TheChase/src/thechase/Thechase.java</file>
            <file>file:/home/matti/Harkkatyöt/Tiralabra/2015-periodi-3/TheChase/test/thechase/logiikka/algoritmit/ZombiTest.java</file>
            <file>file:/home/matti/Harkkatyöt/Tiralabra/2015-periodi-3/TheChase/src/thechase/logiikka/Lauta.java</file>
            <file>file:/home/matti/Harkkatyöt/Tiralabra/2015-periodi-3/TheChase/src/thechase/UI/Piirtoalusta.java</file>
            <file>file:/home/matti/Harkkatyöt/Tiralabra/2015-periodi-3/TheChase/src/thechase/logiikka/asiat/Asia.java</file>
        </group>
    </open-files>
</project-private>
